Workbook

Sheet สรุปผล
A1: รายงานผลการทดสอบ — KU Lost & Found (FOUND&LOST)
A2: วันที่รัน: 27 ตุลาคม 2569 · โค้ด: 88da0f6 (branch feature/line-bot-mobile-ui) + งานที่ยังไม่ commit
A4: 1. เทสอัตโนมัติ
A5: ชุดทดสอบ | B5: เครื่องมือ | C5: จำนวนเทส | D5: ผ่าน | E5: ไม่ผ่าน | F5: ข้าม | G5: อัตราผ่าน
A6: Backend API และ Unit test | B6: Jest + Supertest | C6: =COUNTA('Backend (Jest)'!G4:G319) | D6: =COUNTIF('Backend (Jest)'!G4:G319,"ผ่าน") | E6: =COUNTIF('Backend (Jest)'!G4:G319,"ไม่ผ่าน") | F6: =COUNTIF('Backend (Jest)'!G4:G319,"ข้าม") | G6: =IF(C6=0,0,D6/C6)
A7: Backend LINE Bot / จับคู่ / จัดการรายการ | B7: node:test (+ PostgreSQL 16 จริง) | C7: =COUNTA('Backend (node-test)'!G4:G80) | D7: =COUNTIF('Backend (node-test)'!G4:G80,"ผ่าน") | E7: =COUNTIF('Backend (node-test)'!G4:G80,"ไม่ผ่าน") | F7: =COUNTIF('Backend (node-test)'!G4:G80,"ข้าม") | G7: =IF(C7=0,0,D7/C7)
A8: Frontend หน้าเว็บและคอมโพเนนต์ | B8: Vitest + React Testing Library | C8: =COUNTA('Frontend (Vitest)'!G4:G193) | D8: =COUNTIF('Frontend (Vitest)'!G4:G193,"ผ่าน") | E8: =COUNTIF('Frontend (Vitest)'!G4:G193,"ไม่ผ่าน") | F8: =COUNTIF('Frontend (Vitest)'!G4:G193,"ข้าม") | G8: =IF(C8=0,0,D8/C8)
A9: รวม | C9: =SUM(C6:C8) | D9: =SUM(D6:D8) | E9: =SUM(E6:E8) | F9: =SUM(F6:F8) | G9: =IF(C9=0,0,D9/C9)
A11: 2. กรณีทดสอบด้วยมือ (จากชีต Manual E2E)
A12: สถานะ | C12: จำนวน
A13: ผ่าน | C13: =COUNTIF('Manual E2E'!I5:I37,"ผ่าน")
A14: ไม่ผ่าน | C14: =COUNTIF('Manual E2E'!I5:I37,"ไม่ผ่าน")
A15: ยังไม่ทดสอบ | C15: =COUNTIF('Manual E2E'!I5:I37,"ยังไม่ทดสอบ")
A16: รวม | C16: =SUM(C13:C15)
A18: 3. Code coverage (ค่าจากรายงาน coverage ของ Jest / Vitest วันที่รัน)
A19: ชุดทดสอบ | B19: หมายเหตุ | C19: Statements | D19: Branches | E19: Functions | F19: Lines
A20: Backend (Jest) | B20: วัดทุกไฟล์ใน FOUNDLOST/backend รวม scripts/ และ services/line ที่ทดสอบด้วย node:test แทน จึงต่ำกว่าความครอบคลุมจริง | C20: 0.7085 | D20: 0.8781 | E20: 0.4691 | F20: 0.7085
A21: Frontend (Vitest) | B21: วัด FOUNDLOST/frontend/src ทั้งหมด | C21: 0.7947 | D21: 0.6501 | E21: 0.7194 | F21: 0.8113
A23: 4. ตรวจคุณภาพโค้ดและ build
A24: รายการ | B24: รายละเอียด | C24: ผล
A25: oxlint (npm run lint) | B25: 0 error, 2 warning (react set-state-in-effect) | C25: ผ่าน
A26: Production build (npm run build) | B26: build สำเร็จ มีคำเตือนขนาดไฟล์ > 500 kB | C26: ผ่าน
A28: 5. ข้อบกพร่อง/ข้อสังเกต (จากชีต ข้อบกพร่อง)
A29: ระดับ | C29: จำนวน
A30: สูง | C30: =COUNTIF('ข้อบกพร่อง'!C3:C8,"สูง")
A31: กลาง | C31: =COUNTIF('ข้อบกพร่อง'!C3:C8,"กลาง")
A32: ต่ำ | C32: =COUNTIF('ข้อบกพร่อง'!C3:C8,"ต่ำ")
A34: หมายเหตุ: ตัวเลขเทสอัตโนมัตินับจากรายการในชีตรายละเอียด (สูตร COUNTIF) · ค่า coverage (ตัวเลขสีน้ำเงิน) คัดลอกจากผลรัน npm run coverage ในวันที่รัน

Sheet Backend (Jest)
A1: Backend API และ Unit test — Jest + Supertest
A2: ไฟล์เทส: testcase/backend/tests · คำสั่ง: npm --prefix testcase/backend test · รันเมื่อ 27 ตุลาคม 2569 (ผลจากไฟล์ใน testcase/results)
A3: ลำดับ | B3: รหัส | C3: ไฟล์เทส | D3: กลุ่ม | E3: กรณีทดสอบ | F3: ผลที่คาดหวัง | G3: ผลการทดสอบ | H3: เวลา (ms)
A4: 1 | B4: ADM-01 | C4: api.admin.test.js | D4: ADM การป้องกันสิทธิ์ | E4: get /admin/dashboard/stats โดยไม่มี token | F4: 401 | G4: ผ่าน | H4: 65
A5: 2 | B5: ADM-01 | C5: api.admin.test.js | D5: ADM การป้องกันสิทธิ์ | E5: get /admin/activity โดยไม่มี token | F5: 401 | G5: ผ่าน | H5: 6
A6: 3 | B6: ADM-01 | C6: api.admin.test.js | D6: ADM การป้องกันสิทธิ์ | E6: get /admin/reports โดยไม่มี token | F6: 401 | G6: ผ่าน | H6: 32
A7: 4 | B7: ADM-01 | C7: api.admin.test.js | D7: ADM การป้องกันสิทธิ์ | E7: get /admin/reports/RPT-2026-000001 โดยไม่มี token | F7: 401 | G7: ผ่าน | H7: 27
A8: 5 | B8: ADM-01 | C8: api.admin.test.js | D8: ADM การป้องกันสิทธิ์ | E8: post /admin/reports/RPT-2026-000001/moderate โดยไม่มี token | F8: 401 | G8: ผ่าน | H8: 16
A9: 6 | B9: ADM-01 | C9: api.admin.test.js | D9: ADM การป้องกันสิทธิ์ | E9: get /admin/users โดยไม่มี token | F9: 401 | G9: ผ่าน | H9: 20
A10: 7 | B10: ADM-01 | C10: api.admin.test.js | D10: ADM การป้องกันสิทธิ์ | E10: post /admin/users/641/action โดยไม่มี token | F10: 401 | G10: ผ่าน | H10: 12
A11: 8 | B11: ADM-01 | C11: api.admin.test.js | D11: ADM การป้องกันสิทธิ์ | E11: get /admin/items?type=found โดยไม่มี token | F11: 401 | G11: ผ่าน | H11: 11
A12: 9 | B12: ADM-01 | C12: api.admin.test.js | D12: ADM การป้องกันสิทธิ์ | E12: patch /admin/items/found/1 โดยไม่มี token | F12: 401 | G12: ผ่าน | H12: 15
A13: 10 | B13: ADM-01 | C13: api.admin.test.js | D13: ADM การป้องกันสิทธิ์ | E13: delete /admin/items/found/1 โดยไม่มี token | F13: 401 | G13: ผ่าน | H13: 5
A14: 11 | B14: ADM-02 | C14: api.admin.test.js | D14: ADM Dashboard / Activity | E14: GET /admin/dashboard/stats | F14: รวมตัวเลขทุกหมวด | G14: ผ่าน | H14: 13
A15: 12 | B15: ADM-03 | C15: api.admin.test.js | D15: ADM Dashboard / Activity | E15: GET /admin/activity?limit=500 | F15: จำกัดไม่เกิน 100 | G15: ผ่าน | H15: 5
... A241: 238 | B241: AUD-09 | C241: api.settings.test.js | D241: AUD ประวัติการดำเนินการของแอดมิน | E241: ข้อมูลลับไม่ถูกเก็บลง details (strip password/token/otp) | F241: เป็นไปตามที่ระบุในกรณีทดสอบ | G241: ผ่าน | H241: 0
A242: 239 | B242: SRV-01 | C242: api.startup.test.js | E242: startServer สร้างตาราง otp_codes / admins / reports และเพิ่มคอลัมน์ที่จำเป็น | F242: เป็นไปตามที่ระบุในกรณีทดสอบ | G242: ผ่าน | H242: 15
A243: 240 | B243: SRV-02 | C243: api.startup.test.js | E243: สร้างบัญชีแอดมินเริ่มต้นจาก ADMIN_SEED_* (อีเมลตัวพิมพ์เล็ก, รหัสผ่านถูก hash) | F243: เป็นไปตามที่ระบุในกรณีทดสอบ | G243: ผ่าน | H243: 93
A244: 241 | B244: SRV-03 | C244: api.startup.test.js | E244: ไม่ได้ตั้งค่า MAIL_USER/MAIL_APP_PASSWORD | F244: /api/send-otp ตอบ 503 | G244: ผ่าน | H244: 50
A245: 242 | B245: ME-01 | C245: api.user.test.js | D245: ME โปรไฟล์ /api/me | E245: GET /api/me | F245: ข้อมูลของผู้ใช้จาก token | G245: ผ่าน | H245: 111
A246: 243 | B246: ME-02 | C246: api.user.test.js | D246: ME โปรไฟล์ /api/me | E246: GET /api/me ไม่มี token | F246: 401 | G246: ผ่าน | H246: 8
A247: 244 | B247: ME-03 | C247: api.user.test.js | D247: ME โปรไฟล์ /api/me | E247: GET /api/me ด้วย token แอดมิน | F247: 401 (ต้องเป็น token ผู้ใช้) | G247: ผ่าน | H247: 6
A248: 245 | B248: ME-04 | C248: api.user.test.js | D248: ME โปรไฟล์ /api/me | E248: GET /api/me token หมดอายุ | F248: 401 | G248: ผ่าน | H248: 6
A249: 246 | B249: ME-05 | C249: api.user.test.js | D249: ME โปรไฟล์ /api/me | E249: PATCH /api/me แก้ชื่อ + เบอร์โทร | F249: 200 (trim และบันทึกเฉพาะของตัวเอง) | G249: ผ่าน | H249: 36
A250: 247 | B250: ME-06 | C250: api.user.test.js | D250: ME โปรไฟล์ /api/me | E250: ไม่มีชื่อ | F250: 400 | G250: ผ่าน | H250: 7
A251: 248 | B251: ME-07 | C251: api.user.test.js | D251: ME โปรไฟล์ /api/me | E251: เบอร์โทรผิดรูปแบบ | F251: 400 | G251: ผ่าน | H251: 6
A252: 249 | B252: ME-08 | C252: api.user.test.js | D252: ME โปรไฟล์ /api/me | E252: อีเมลสำรองผิดรูปแบบ | F252: 400 | G252: ผ่าน | H252: 10
A253: 250 | B253: ME-09 | C253: api.user.test.js | D253: ME โปรไฟล์ /api/me | E253: เลือกติดต่อทางโทรศัพท์แต่ไม่มีเบอร์ | F253: 400 | G253: ผ่าน | H253: 17
A254: 251 | B254: ME-10 | C254: api.user.test.js | D254: ME โปรไฟล์ /api/me | E254: ช่องทางติดต่อไม่รู้จัก | F254: 400 | G254: ผ่าน | H254: 9
A255: 252 | B255: ME-11 | C255: api.user.test.js | D255: ME โปรไฟล์ /api/me | E255: POST /api/me/avatar ไม่แนบรูป | F255: 400 | G255: ผ่าน | H255: 10
A256: 253 | B256: INB-01 | C256: api.user.test.js | D256: INB กล่องแจ้งเตือน /api/inbox | E256: GET /api/inbox | F256: รายการล่าสุด 30 รายการ + จำนวนที่ยังไม่อ่าน | G256: ผ่าน | H256: 6
... A319: 316 | B319: VAL-22 | C319: unit.validation.test.js | D319: validateItem | E319: ใช้กับ lost item (lost_date / lost_location) ได้ | F319: เป็นไปตามที่ระบุในกรณีทดสอบ | G319: ผ่าน | H319: 0

Sheet Backend (node-test)
A1: Backend LINE Bot / จับคู่ / จัดการรายการ — node:test (+ PostgreSQL 16 จริง)
A2: ไฟล์เทส: FOUNDLOST/backend/test · คำสั่ง: npm --prefix FOUNDLOST/backend test · รันเมื่อ 27 ตุลาคม 2569 (ผลจากไฟล์ใน testcase/results)
A3: ลำดับ | B3: รหัส | C3: ไฟล์เทส | D3: กลุ่ม | E3: กรณีทดสอบ | F3: ผลที่คาดหวัง | G3: ผลการทดสอบ | H3: เวลา (ms)
A4: 1 | B4: NT-01 | C4: adminItems.test.js | D4: สิทธิ์แอดมิน (ตรวจที่ backend) | E4: /admin/items/summary?type=lost ไม่มี token / token ผู้ใช้ทั่วไป | F4: 401 | G4: ผ่าน | H4: 57
A5: 2 | B5: NT-02 | C5: adminItems.test.js | D5: สิทธิ์แอดมิน (ตรวจที่ backend) | E5: /admin/items/search?type=lost ไม่มี token / token ผู้ใช้ทั่วไป | F5: 401 | G5: ผ่าน | H5: 8
A6: 3 | B6: NT-03 | C6: adminItems.test.js | D6: สิทธิ์แอดมิน (ตรวจที่ backend) | E6: /admin/items/lost/1 ไม่มี token / token ผู้ใช้ทั่วไป | F6: 401 | G6: ผ่าน | H6: 15
A7: 4 | B7: NT-04 | C7: adminItems.test.js | D7: GET /admin/items/summary | E7: type ผิด | F7: 400 | G7: ผ่าน | H7: 6
A8: 5 | B8: NT-05 | C8: adminItems.test.js | D8: GET /admin/items/summary | E8: นับจากสถานะจริง (open/returned) + 7 วันล่าสุด และคืนหมวดที่มีในรายการ | F8: เป็นไปตามที่ระบุในกรณีทดสอบ | G8: ผ่าน | H8: 4
A9: 6 | B9: NT-06 | C9: adminItems.test.js | D9: GET /admin/items/search | E9: ค้นหา + ตัวกรองทั้งหมด | F9: SQL ใช้พารามิเตอร์ (ไม่ต่อสตริง) และแบ่งหน้าได้ | G9: ผ่าน | H9: 9
A10: 7 | B10: NT-07 | C10: adminItems.test.js | D10: GET /admin/items/search | E10: ไม่มีตัวกรอง | F10: ไม่มี WHERE และ limit ถูกจำกัดไม่เกิน 100 | G10: ผ่าน | H10: 2
A11: 8 | B11: NT-08 | C11: adminItems.test.js | D11: GET /admin/items/search | E11: สถานะ/วันที่ไม่ถูกต้อง | F11: 400 โดยไม่แตะฐานข้อมูล | G11: ผ่าน | H11: 29
A12: 9 | B12: NT-09 | C12: adminItems.test.js | D12: GET /admin/items/:type/:item_id | E12: พบรายการ | F12: ข้อมูล + ผู้ติดต่อ + จำนวนคู่ + ประวัติ (target ของ audit log ตรงกับรายการ) | G12: ผ่าน | H12: 3
A13: 10 | B13: NT-10 | C13: adminItems.test.js | D13: GET /admin/items/:type/:item_id | E13: ไม่พบ → 404 / id หรือ type ผิด | F13: 400 | G13: ผ่าน | H13: 40
A14: 11 | B14: NT-11 | C14: existingFeatures.test.js | D14: POST /lostItem (ระบบเดิม) | E14: ยังต้องเข้าสู่ระบบ | F14: เป็นไปตามที่ระบุในกรณีทดสอบ | G14: ผ่าน | H14: 35
A15: 12 | B15: NT-12 | C15: existingFeatures.test.js | D15: POST /lostItem (ระบบเดิม) | E15: ข้อมูลไม่ครบ | F15: 400 เหมือนเดิม | G15: ผ่าน | H15: 11
... A80: 77 | B80: NT-77 | C80: lineWebhook.test.js | D80: POST /api/line/webhook | E80: ตอบกลับไม่สำเร็จ (reply token หมดอายุ) ไม่ทำให้การบันทึกล้มเหลว | F80: เป็นไปตามที่ระบุในกรณีทดสอบ | G80: ผ่าน | H80: 3

Sheet Frontend (Vitest)
A1: Frontend หน้าเว็บและคอมโพเนนต์ — Vitest + React Testing Library
A2: ไฟล์เทส: testcase/frontend/tests · คำสั่ง: npm --prefix testcase/frontend test · รันเมื่อ 27 ตุลาคม 2569 (ผลจากไฟล์ใน testcase/results)
A3: ลำดับ | B3: รหัส | C3: ไฟล์เทส | D3: กลุ่ม | E3: กรณีทดสอบ | F3: ผลที่คาดหวัง | G3: ผลการทดสอบ | H3: เวลา (ms)
A4: 1 | B4: FE-API-01 | C4: adminApi.test.js | D4: adminApi | E4: baseURL ชี้ไปที่ backend http://localhost:3000 | F4: เป็นไปตามที่ระบุในกรณีทดสอบ | G4: ผ่าน | H4: 3
A5: 2 | B5: FE-API-02 | C5: adminApi.test.js | D5: adminApi | E5: มี adminToken | F5: แนบ Authorization: Bearer <token> | G5: ผ่าน | H5: 4
A6: 3 | B6: FE-API-03 | C6: adminApi.test.js | D6: adminApi | E6: ไม่มี token | F6: ไม่แนบ Authorization | G6: ผ่าน | H6: 1
A7: 4 | B7: FE-API-04 | C7: adminApi.test.js | D7: adminApi | E7: ได้ 401 | F7: ลบ token/email และพาไป /admin/login | G7: ผ่าน | H7: 11
A8: 5 | B8: FE-API-05 | C8: adminApi.test.js | D8: adminApi | E8: ได้ 401 ขณะอยู่หน้า login อยู่แล้ว | F8: ไม่ redirect ซ้ำ | G8: ผ่าน | H8: 1
A9: 6 | B9: FE-API-06 | C9: adminApi.test.js | D9: adminApi | E9: error อื่น (500) | F9: ไม่ลบ token | G9: ผ่าน | H9: 1
A10: 7 | B10: FE-AD-01 | C10: adminPages.test.jsx | D10: Dashboard | E10: แสดงสถิติภาพรวม 8 ช่องจาก /admin/dashboard/stats | F10: เป็นไปตามที่ระบุในกรณีทดสอบ | G10: ผ่าน | H10: 358
A11: 8 | B11: FE-AD-10 | C11: adminPages.test.jsx | D11: Dashboard | E11: การ์ดตัวเลขหลัก: โพสต์ทั้งหมด, ผู้ใช้ใหม่เทียบวันก่อน, รายงานค้าง | F11: เป็นไปตามที่ระบุในกรณีทดสอบ | G11: ผ่าน | H11: 101
A12: 9 | B12: FE-AD-11 | C12: adminPages.test.jsx | D12: Dashboard | E12: เปลี่ยนช่วงกราฟเป็น 7 วัน | F12: เรียก trend ด้วย range=7d | G12: ผ่าน | H12: 454
A13: 10 | B13: FE-AD-02 | C13: adminPages.test.jsx | D13: Dashboard | E13: กดช่อง 'จำนวนผู้ใช้งานทั้งหมด' | F13: ไป /admin/users | G13: ผ่าน | H13: 147
A14: 11 | B14: FE-AD-02 | C14: adminPages.test.jsx | D14: Dashboard | E14: กดช่อง 'แจ้งของหาย' | F14: ไป /admin/lost-items | G14: ผ่าน | H14: 76
A15: 12 | B15: FE-AD-02 | C15: adminPages.test.jsx | D15: Dashboard | E15: กดช่อง 'พบของแล้ว' | F15: ไป /admin/found-items | G15: ผ่าน | H15: 55
... A193: 190 | B193: FE-SS-08 | C193: siteSettings.test.jsx | D193: AnnouncementBanner | E193: ไม่มีประกาศ | F193: ไม่แสดงอะไร | G193: ผ่าน | H193: 5

Sheet Manual E2E
A1: กรณีทดสอบด้วยมือ (Manual / End-to-End) — สำหรับบันทึกผล
A2: วิธีกรอก: ช่องสีเหลือง (ผลที่ได้จริง, สถานะ, ผู้ทดสอบ, วันที่ทดสอบ) คือช่องที่ผู้ทดสอบกรอก · สถานะเลือกจากรายการ ผ่าน / ไม่ผ่าน / ยังไม่ทดสอบ · ตัวอย่าง: ผลที่ได้จริง "ได้อีเมล OTP ภายใน 20 วินาที" สถานะ "ผ่าน" วันที่ 2026-10-26
A4: ลำดับ | B4: รหัส | C4: หมวด | D4: ความสำคัญ | E4: เงื่อนไขก่อนทดสอบ | F4: ขั้นตอนการทดสอบ | G4: ผลที่คาดหวัง | H4: ผลที่ได้จริง | I4: สถานะ | J4: ผู้ทดสอบ | K4: วันที่ทดสอบ
A5: 1 | B5: M-01 | C5: ผู้ใช้: บัญชี | D5: สูง | E5: ยังไม่มีบัญชี | F5: เปิด /signup กรอกชื่อ นามสกุล อีเมล แล้วกดสมัคร | G5: กลับหน้าเข้าสู่ระบบพร้อมข้อความสมัครสำเร็จ | I5: ยังไม่ทดสอบ
A6: 2 | B6: M-02 | C6: ผู้ใช้: บัญชี | D6: กลาง | E6: มีบัญชีอีเมลนี้แล้ว | F6: สมัครด้วยอีเมลเดิมอีกครั้ง | G6: แจ้ง "รหัสนิสิตหรืออีเมลนี้มีอยู่ในระบบแล้ว" | I6: ยังไม่ทดสอบ
A7: 3 | B7: M-31 | C7: ผู้ใช้: Google | D7: สูง | E7: ตั้ง GOOGLE_CLIENT_ID และเพิ่มที่อยู่เว็บใน Authorized JavaScript origins แล้ว | F7: หน้าเข้าสู่ระบบ → ลงชื่อเข้าใช้ด้วย Google → เลือกบัญชี → กรอก OTP จากอีเมล | G7: หลังเลือกบัญชีจะยังไม่เข้าระบบ ต้องกรอก OTP ที่ส่งไปอีเมล Google ก่อน จึงเข้าหน้าหลักได้ | I7: ยังไม่ทดสอบ
A8: 4 | B8: M-32 | C8: ผู้ใช้: Google | D8: กลาง | E8: อีเมล Google ที่ยังไม่มีบัญชีในระบบ | F8: หน้าสมัคร → สมัครด้วย Google → กรอก OTP | G8: สร้างบัญชีจากชื่อ Google, ขึ้นข้อความสมัครสำเร็จ และเข้าระบบได้หลังกรอก OTP | I8: ยังไม่ทดสอบ
A9: 5 | B9: M-33 | C9: ผู้ใช้: Google | D9: กลาง | E9: เปิดเว็บจากที่อยู่ที่ไม่ได้เพิ่มใน Google Cloud | F9: กดปุ่ม Google | G9: Google แจ้ง origin_mismatch (ต้องเพิ่มที่อยู่ใน Authorized JavaScript origins) | I9: ยังไม่ทดสอบ
A10: 6 | B10: M-03 | C10: ผู้ใช้: เข้าสู่ระบบ | D10: สูง | E10: ตั้ง MAIL_USER / MAIL_APP_PASSWORD ที่ใช้ได้ | F10: หน้าเข้าสู่ระบบ ใส่อีเมล กดลงชื่อเข้าใช้ | G10: ได้อีเมลรหัส OTP 6 หลักภายใน 1 นาที | I10: ยังไม่ทดสอบ
A11: 7 | B11: M-04 | C11: ผู้ใช้: เข้าสู่ระบบ | D11: สูง | E11: ได้รับ OTP แล้ว | F11: กรอก OTP แล้วกดยืนยัน | G11: เข้าสู่หน้าหลัก แสดงชื่อผู้ใช้มุมขวาบน | I11: ยังไม่ทดสอบ
A12: 8 | B12: M-05 | C12: ผู้ใช้: เข้าสู่ระบบ | D12: สูง | E12: ได้รับ OTP แล้ว | F12: กรอก OTP ผิด 5 ครั้ง | G12: ครั้งที่ 5 แจ้งให้ขอรหัสใหม่ รหัสเดิมใช้ไม่ได้อีก | I12: ยังไม่ทดสอบ
A13: 9 | B13: M-06 | C13: ผู้ใช้: เข้าสู่ระบบ | D13: กลาง | E13: ได้รับ OTP แล้ว | F13: รอเกิน 5 นาทีแล้วกรอก OTP | G13: แจ้งว่า OTP ไม่ถูกต้องหรือหมดอายุ | I13: ยังไม่ทดสอบ
A14: 10 | B14: M-07 | C14: ผู้ใช้: เข้าสู่ระบบ | D14: สูง | E14: ยังไม่ได้เข้าสู่ระบบ | F14: เปิด /my-posts โดยตรง แล้วเข้าสู่ระบบ | G14: ถูกพาไปหน้าเข้าสู่ระบบ และกลับมาที่ /my-posts หลังเข้าสู่ระบบ | I14: ยังไม่ทดสอบ
A15: 11 | B15: M-08 | C15: ผู้ใช้: แจ้งของ | D15: สูง | E15: เข้าสู่ระบบบนมือถือ | F15: กดปุ่ม + แถบล่าง → ของหาย กรอกครบ ถ่ายรูปด้วยกล้อง แล้วส่ง | G15: แสดง "บันทึกสำเร็จ" พร้อมหมายเลขรายการ รายการขึ้นในหน้าหลักพร้อมรูป | I15: ยังไม่ทดสอบ
A16: 12 | B16: M-09 | C16: ผู้ใช้: แจ้งของ | D16: สูง | E16: เข้าสู่ระบบ | F16: แจ้งพบของ โดยปักหมุดบนแผนที่และเลือกจุดรับฝาก | G16: ช่องสถานที่เติมชื่อสถานที่ใกล้หมุด บันทึกสำเร็จ | I16: ยังไม่ทดสอบ
... A37: 33 | B37: M-30 | C37: Responsive | D37: กลาง | E37: - | F37: เปิดหน้าหลัก แจ้งของ โพสต์ของฉัน และหน้าแอดมิน ที่ความกว้าง 375, 768, 1440 px | G37: ไม่มีส่วนใดล้นจอแนวนอน ปุ่มกดได้ แถบเมนูล่างแสดงเฉพาะมือถือ | I37: ยังไม่ทดสอบ

Sheet ข้อบกพร่อง
A1: ข้อบกพร่องและข้อสังเกตที่พบ
A2: รหัส | B2: ประเภท | C2: ระดับ | D2: รายละเอียด | E2: ผลกระทบ | F2: ข้อเสนอแนะ | G2: สถานะ
A3: D-01 | B3: ข้อบกพร่อง | C3: ต่ำ | D3: หน้ารายงานโพสต์ให้แนบรูปได้ 3 รูป แต่ส่งไปเซิร์ฟเวอร์เฉพาะรูปแรก (backend รับ upload.single("evidence")) | E3: ผู้ใช้เข้าใจว่าส่งหลักฐานครบ 3 รูป แต่แอดมินเห็นเพียงรูปเดียว | F3: เปลี่ยน backend เป็น upload.array("evidence", 3) หรือจำกัดหน้าเว็บให้แนบได้ 1 รูป (เทส FE-RP-06 บันทึกพฤติกรรมนี้ไว้) | G3: ยังไม่แก้
A4: D-02 | B4: สภาพแวดล้อม | C4: สูง | D4: ส่งอีเมล OTP ไม่ได้ในเครื่องพัฒนา: Gmail ปฏิเสธ App Password (EAUTH 535) | E4: ผู้ใช้เข้าสู่ระบบไม่ได้ (ทั้ง OTP และ Google ที่ต้องใช้ OTP ขั้นที่ 2) | F4: ตั้ง App Password ใหม่แล้ว — ตรวจการเชื่อมต่อ Gmail SMTP สำเร็จเมื่อ 27 ต.ค. 2569 ควรทดสอบ M-03 ซ้ำ | G4: แก้แล้ว
A5: D-03 | B5: ข้อสังเกต | C5: ต่ำ | D5: oxlint เตือน 2 จุด: เรียก setState ใน useEffect (AdminLayout.jsx:125, ReportDetailPanel.jsx:37) | E5: ไม่กระทบการทำงาน อาจ render ซ้ำ 1 รอบ | F5: ปรับเป็นการคำนวณค่าตอน render หรืออัปเดตจาก event | G5: ยังไม่แก้
A6: D-04 | B6: ข้อสังเกต | C6: ต่ำ | D6: ไฟล์ JavaScript หลังสร้าง (build) ใหญ่กว่า 500 kB | E6: หน้าแรกโหลดช้าลงบนเครือข่ายมือถือ | F6: แยกโค้ดหน้าแอดมินและแผนที่ด้วย dynamic import() | G6: ยังไม่แก้
A7: D-05 | B7: ข้อสังเกต | C7: ต่ำ | D7: ประกาศที่ส่ง tone ไม่รู้จัก ถูกปรับเป็น "info" โดยไม่แจ้ง (SET-17) | E7: ไม่มีผลกับผู้ใช้ (หน้าแอดมินเลือกได้เฉพาะประเภทที่รองรับ) | F7: คงไว้ตามเดิม หรือตอบ 400 ถ้าต้องการให้เข้มงวด | G7: ยอมรับได้
A8: D-06 | B8: ช่องว่างการทดสอบ | C8: กลาง | D8: ยังไม่มีเทสอัตโนมัติฝั่งหน้าเว็บสำหรับ โพสต์ของฉัน, โปรไฟล์/ตั้งค่า, หน้าค้นหา, หน้าเชื่อม LINE และหน้าแอดมิน รายการ/ประวัติ/ตั้งค่า | E8: การเปลี่ยนแปลงหน้าเหล่านี้อาจทำให้เกิด regression โดยไม่รู้ตัว | F8: API ของหน้าเหล่านี้มีเทสแล้ว (MYI, ME, AUD, SET, node:test adminItems) ควรเพิ่มเทส UI และทดสอบด้วยมือ M-14, M-15, M-23, M-26 | G8: เปิด

Sheet เทสที่ปรับปรุง
A1: เทสเดิมที่ปรับให้ตรงกับพฤติกรรมปัจจุบันของระบบ (ไม่ใช่บั๊กของระบบ)
A2: ส่วนของระบบ | B2: พฤติกรรมที่เปลี่ยน | C2: สิ่งที่ปรับในเทส
A3: แจ้งของ /foundItem, /lostItem และรายงานโพสต์ /report | B3: ต้องมี token ผู้ใช้ และรหัสผู้แจ้ง/ผู้รายงานมาจาก token (ปลอมผ่าน body ไม่ได้) | C3: เพิ่ม token ในเทส + เพิ่มเทสกันการปลอมรหัส (FND/LST-10, RPT-14)
A4: ยืนยันการคืนของ /api/returns | B4: เปลี่ยนเป็นเฉพาะแอดมิน และจำนวนครั้งที่ได้เกียรติบัตรอ่านจากค่าระบบ | C4: เพิ่ม token แอดมิน + CRT-07, CRT-08
A5: ตรวจ OTP /api/verify-otp | B5: เทียบรหัสแบบ timing-safe นับจำนวนครั้งที่ผิด (สูงสุด 5) และออก token ผู้ใช้ | C5: ปรับตัวจำลอง SQL + เพิ่ม VOTP-10..12
A6: ข้อมูลผู้ใช้ /api/users/:email, /user | B6: ต้องเป็นเจ้าของอีเมล / /user เฉพาะแอดมิน | C6: เพิ่ม USR-04..08
A7: แจ้งเตือน LINE /api/notifications/line | B7: ปิดใช้งานถ้าไม่ได้ตั้ง NOTIFY_API_KEY | C7: ส่ง key ในทุกเทส + LN-05
A8: สถิติ /api/stats/summary | B8: ถูกนำออกจากระบบ (หน้าเว็บไม่ได้ใช้) | C8: ลบเทส STAT-01, STAT-02
A9: แอดมินจัดการผู้ใช้/รายการ/ค่าระบบ | B9: ทำใน transaction พร้อมบันทึก audit log | C9: จำลอง db.connect() + ตรวจ INSERT audit และ COMMIT
A10: แดชบอร์ดแอดมิน และ timeline รายงาน | B10: เพิ่มตัวเลข 5 ค่าใหม่ และข้อความ timeline เป็นภาษาไทย | C10: ปรับค่าที่คาดหวัง (ADM-02, ADM-09, ADM-10)
A11: หน้าเว็บผู้ใช้ | B11: ลบ Navbar / FormFoundItem / BottomNav เดิม ใช้ UserLayout, ReportItemForm, BottomNav ใหม่ และ userApi (axios.create) | C11: เขียนเทสใหม่ + axios mock ที่รองรับ create()
A12: ส่ง OTP /api/send-otp | B12: แยกโค้ดส่ง OTP เป็นฟังก์ชัน issueOtp() ใช้ร่วมกับการเข้าด้วย Google (พฤติกรรมเดิม) | C12: เพิ่ม OTP-08 (ขอซ้ำภายใน 60 วินาที → 429) เพื่อยืนยันว่าแยกโค้ดแล้วไม่เปลี่ยนพฤติกรรม
A13: หน้าเข้าสู่ระบบ/สมัคร | B13: โหลดค่าระบบสาธารณะเพื่อแสดงปุ่ม Google (มีเมื่อตั้ง GOOGLE_CLIENT_ID) | C13: auth.test.jsx: จำลอง axios.get ของค่าระบบ + ปรับ FE-LG-11 เป็นกรณียังไม่ตั้งค่า Google
A14: การป้องกันหน้า (ProtectedRoute) | B14: ตรวจจาก JWT ที่ยังไม่หมดอายุ แทน isLoggedIn และจำหน้าที่จะเปิด | C14: เขียนเทส FE-RT ใหม่ + FE-RT-06, FE-RT-07
